Name,Type,Lat,Lng,Address
孟楚桥新疆炒米粉(中环11区店),餐饮,43.89632593569315,125.34101810161746,中环小区11区15号楼105室门市
椒爱水煮鱼川菜(中东新天地店),餐饮,43.89716781943821,125.33841532416606,亚泰大街1138号新天地商场内第3层3FA1024号商铺
老一味水煎包(三马路店),餐饮,43.89475226114489,125.3429419667239,东三马路与福民街交口东北角中环11区34号楼1层
东大桥小国抻面烧烤(长通路店),餐饮,43.89600039495761,125.34719486820921,长通路与东顺街交汇处万晟金地公馆门市
翻滚烤鸡架(光复路店),餐饮,43.901024489617775,125.33713686344377,吉林省长春市南关区光复路小区110栋
饭婉儿汤饭馆(新天地购物公园亚泰大街店),餐饮,43.89710996733548,125.33957973065249,吉林省长春市南关区亚泰大街1138号新天地购物公园B1
花磊砂锅麻辣烫,餐饮,43.901239343515655,125.34392970360214,吉林省长春市宽城区光复路405栋12门
生力源饼业,餐饮,43.90196666494581,125.3376625100154,吉林省长春市南关区光复北路262号308栋
安徽板面,餐饮,43.90265400695479,125.33660023969922,长春市宽城区东七条街百利宾馆南侧约70米
上当一回面食店(光复路店),餐饮,43.90125015866938,125.33703381303003,光复路110栋
南方风味鼎轩包子面馆,餐饮,43.898473939606625,125.33818565584055,吉林省长春市南关区陕西路523号
恩燕烤鸭(新天地购物公园店),餐饮,43.8970881910492,125.33904297280984,新天地购物公园
朴老五果木炭烤肉(万龙花园店),餐饮,43.89391949453538,125.3378006301688,亚泰大街万龙花园14栋110-210室
700CC(长春中东新天地购物公园店),餐饮,43.89725675409646,125.3381394905297,亚泰大街1138号长春新天地商场3F-A座3FA1028号商铺
康记麻辣烫土豆粉蒸饺,餐饮,43.89854606360196,125.33817161843294,长春市南关区爱国胡同龙祥苑
品臭坊臭豆腐(新天地购物公园店),餐饮,43.897187552514126,125.33900093345667,新天地购物公园第B1F层购物中心B1F-B1F区第B1F-062号商铺
亿顺饼业,餐饮,43.90198609171234,125.33806111215793,吉林省长春市南关区光复路小区南侧约60米
老昌食品(长通分店),餐饮,43.897229839958676,125.33922579506996,亚泰大街1138号新天地购物公园负一层
飞哥快餐店,餐饮,43.90109971252521,125.33692507226692,光复路108栋21号附近
国营大冷面饭店,餐饮,43.899697191351756,125.33110909190387,吉林省长春市南关区新春街上海路8号
青登兰州抻面(永长社区中环自治小区店),餐饮,43.90114292687714,125.33688908528445,长春市南关区东七条街银海商厦东侧约140米
天福饼业,餐饮,43.90199276903402,125.33825694054944,吉林长春市南关区长通街道光复路南309栋11号门
迎客来咱家饭庄,餐饮,43.901368848641816,125.34081256208783,陕西路与光复路交叉口西南20米
大同江朝鲜菜·长春地标美食(新天地店),餐饮,43.897303026575194,125.33824936976009,亚泰大街1138号新天地购物公园F3层
食香美馔美食城,餐饮,43.90142634220299,125.3371874819758,吉林省长春市南关区长通路760号美食城114栋2楼
老妈面馆东北农家菜(陕西路店),餐饮,43.90026689368901,125.3397405052813,宽陕西路128栋1-2号老妈面馆
无名小吃(光复路店),餐饮,43.9023650915661,125.33711479907691,光复路209栋1层
北丐先生·野馄饨·MALL烧烤(新天地购物公园店),餐饮,43.89743815476896,125.33957352686954,新天地购物公园商场内B1F层北丐先生
七鑫烧烤,餐饮,43.900276377003856,125.33968251441168,陕西路吉达小区4号楼1楼26号（陕西路与陕西胡同交汇里）
金禾家牛肉汤饭,餐饮,43.902089894335745,125.34242361091948,光复北路5号伪满皇宫博物院内(南侧)
马四哥原味烧烤店(小铁道街小区店),餐饮,43.90118919114338,125.34426716117568,长通家园北门东行20米
转么么自助小火锅(新天地购物公园店),餐饮,43.89729102150754,125.33824937729386,新天地购物公园北三门3楼邵汇大虾旁边
西塔老太太泥炉烤肉(中东新天地店),餐饮,43.89747232351789,125.33955451151641,长通路新天地购物公园A座负一层B1F0019号
个中味排骨卤肉饭,餐饮,43.89979748066633,125.33940096895981,陕西路359号
老乐哥烤黄牛串,餐饮,43.89620024707574,125.34434670727865,中环11区40栋1单元101室
海底捞火锅(新天地购物公园店),餐饮,43.896500805008706,125.3372898109389,亚泰大街1138号新天地购物公园4楼D-23、D-24号
川天椒麻辣烫,餐饮,43.89851511200506,125.33816264716134,陕西路15号1080号
楼外楼大刀肉传统火锅店(三马路店),餐饮,43.89469454554373,125.34273482657163,东三马路与福民街交叉口东北角中环11区34栋1层
汉堡王(新天地店),餐饮,43.89689310127358,125.3394279180208,亚泰大街1138号新天地购物公园M-23号1、2层商铺
回宝珍饺子馆(长通路店),餐饮,43.8958877028388,125.3456108127048,长通路59号中环11区33栋房
肯德基(新天地店),餐饮,43.89669369353542,125.33732265778785,亚泰大街1138号
叁久禧桃·CAKE,餐饮,43.89890129296557,125.34352600525283,长春市长通路447-171号
李连贵熏肉大饼(新天地购物公园店),餐饮,43.89713341740944,125.33888303321606,亚泰大街1138号中东城市广场(亚泰大街)B1室
邵汇大虾(新天地店),餐饮,43.89730102573074,125.33824937101619,亚泰大街新天地购物公园3FA1011号
长湘食湘椒一碗湖南下饭菜(新天地店),餐饮,43.89729536161978,125.33834529811584,新天地购物公园三楼A座3FA1013
伟大航路烤鱼(新天地购物公园店),餐饮,43.89728198345014,125.33825437889574,亚泰大街中东新天地购物公园3楼
百谷园,餐饮,43.89988190975354,125.33855536970951,长春市南关区陕西胡同567名居西北侧约90米
花子大冷面(新天地购物公园店),餐饮,43.897182496000845,125.3387400896478,吉林省长春市南关区亚泰大街1138号新天地购物公园F1
郭记五元抻面,餐饮,43.90408482318921,125.33805730155709,东七条街316-a号附近
北京名人食品(新天地购物公园店),餐饮,43.89715934310351,125.33902693712336,东四马路新天地购物公园C座3号门1楼
辣小鸭(新天地购物公园店),餐饮,43.89723301752386,125.33824641604538,欧亚超市连锁经营有限公司新天地店
饼店,餐饮,43.90246541610457,125.33650853192862,长春市宽城区东七条街百利宾馆南侧约90米
福寿德道口烧鸡(新天地购物公园店),餐饮,43.89721354656808,125.33913384881664,亚泰大街1138号新天地购物公园商场内B1F层购物中心B1F-40号商铺
肉松小贝(新天地购物公园店),餐饮,43.89713819766775,125.33917487591128,长春市南关区亚泰大街1138号新天地购物公园B1
不二烤梨(新天地购物公园店),餐饮,43.897270562967115,125.3391348126714,亚泰大街新天地购物公园负一层小吃街（偏后）
海全冷面(光复路庆丰大厦店),餐饮,43.902226192533774,125.33519397764553,吉林省长春市宽城区光复大路431号光复路庆丰大厦F1层
吐司先生(中东新天地购物公园店),餐饮,43.8970662959619,125.3390279942286,长通路亚泰大街11388号
缘香源(万晟金地公馆店),餐饮,43.89795774138114,125.3446830812565,长春市南关区向阳街万晟·金地公馆
绿野仙踪手工豆腐(新天地购物公园店),餐饮,43.89710563943795,125.33911592477452,亚泰大街新天地购物公园地下一楼
皇茶(新天地购物公园店),餐饮,43.897021673510196,125.33923591959797,吉林省长春市南关区亚泰大街1138号新天地购物公园B1
皇家炒酸奶(亚泰大街新天地购物公园店),餐饮,43.8971539613179,125.3389449850936,长通路亚泰大街11388号新天地负一层
何氏麦香多味饼(长通家园店),餐饮,43.89883541516555,125.34512214407562,长春市南关区向阳街长通家园
鼎茂调料经销处,餐饮,43.90262497974993,125.33528546445199,光复路综合楼附0号
西士玛(新天地购物公园店),餐饮,43.89716297073602,125.3390759093709,亚泰大街新天地购物公园F1层
玉华超市(陕西路店),购物,43.900295825405586,125.34044438183601,吉林省长春市南关区陕西路256号
李德平价超市,购物,43.90131072002799,125.3433950620292,吉林省长春市宽城区小铁道街59-1号小铁道街
吉家超市(陕西路店),购物,43.89967895987109,125.34062484437565,吉林省长春市南关区陕西路308-1号
启隆超市,购物,43.90170171779387,125.33994232989825,长春市南关区光复路南关区第二幼儿园北侧
兴元酒业,购物,43.90121115994781,125.3406646752101,吉林省长春市南关区陕西路151号
居无忧超市(陕西路店),购物,43.89986473398871,125.34009573300118,吉林省长春市南关区长通街道陕西路567号
万家自选超市(光复路店),购物,43.901254904404034,125.33916095510713,长春市南关区太平街南关区第二幼儿园西侧约40米
天德进口食品,购物,43.90162875150369,125.3400523696051,光复路139栋108门附近
盈汐精品零食供应链,购物,43.90154898246486,125.34047739920523,吉林省长春市南关区光复大路16号
可欣汾酒竹叶青专卖店,购物,43.900452792960266,125.34011428774095,陕西路261号
鹏盛轩超市,购物,43.89837712110461,125.34021477310557,陕西路456-118号
双海商贸,购物,43.900942882746484,125.33914920755531,长春市南关区太平街南关区第二幼儿园西侧约40米
迎赢扑克百货,购物,43.90152900661662,125.3405844167051,光复路与陕西路交叉口西40米
广源挂面大全,购物,43.901337097633785,125.34078458450472,吉林省长春市南关区陕西路127号138栋
长福罐头,购物,43.90154904547972,125.34047039920802,吉林省长春市南关区长通街道光复大路12号
金鑫批发,购物,43.90064301998099,125.34021112998617,长春市南关区陕西路128栋17号
悟添佛品佛龛,购物,43.900782345881,125.33839979928398,长春市南关区长通街道陕西路太平街115栋
鑫达源货架,购物,43.89979471571774,125.34009478488696,吉林省长春市南关区昆明街21号
超俐达办公文具,购物,43.90088178825323,125.33902831674914,光复路116栋3门一楼门市
顺德干果商行,购物,43.90308148386001,125.33633825931459,吉林省长春市宽城区宽光复大路431号27号
伪满皇宫博物院-游客服务中心,生活服务,43.90194016998008,125.34248577733389,宽城区陕西路长春市回族小学北侧约190米
伪满皇宫博物院-售票处,生活服务,43.90192514292692,125.34248779111414,宽城区光复路5号
专属美艺,生活服务,43.899576396193396,125.33832776356239,长春市南关区爱国胡同567名居西北侧约90米
丰源婚庆圣诞,生活服务,43.90165035224085,125.33753390472766,长春市南关区光复路308栋6门
伪满皇宫博物院游客服务中心-影视厅,生活服务,43.90209112271368,125.3426777925031,宽城区光复路5号伪满皇宫博物院游客中心内
伪满皇宫博物院游客服务中心-寄存处,生活服务,43.901963506663364,125.3423626749863,宽城区光复路5号伪满皇宫博物院游客中心内
小车的宠物店,生活服务,43.90097484432416,125.33941006823538,吉林省长春市南关区太平街光复路小区119栋
伪满皇宫博物院-咨询中心,生活服务,43.901850981329964,125.34231473660311,吉林长春市宽城区光复路5号伪满皇宫博物院
韵达快递超市(光复路小区店),生活服务,43.89961439015164,125.3383307335278,陕西路高层b栋
光复路邮局,生活服务,43.90082877257606,125.33689632279156,光复路109栋光复路邮局
林缘香行,生活服务,43.90078897404839,125.33830986392158,吉林省长春市南关区爱国胡同88号115栋24号
菜鸟驿站(长春光复小区117店),生活服务,43.90118088106346,125.33876323416429,长春市南关区爱国胡同南关区第二幼儿园西侧约70米
锦书托管,生活服务,43.898100146734656,125.33910329264812,吉林省长春市南关区长通路79号
福奈特洗衣·洗鞋·奢侈品护理(新天地购物公园店),生活服务,43.8971379334738,125.33920886012181,吉林省长春市南关区亚泰大街1138号新天地购物公园F1
鑫泓货站(黄河路店),生活服务,43.9046755064095,125.3401977054828,吉林省长春市宽城区黄河路1808号
菜鸟驿站(南关区北中环十一区9栋店),生活服务,43.89877495231033,125.34091151736328,长春市南关区昆明街567名居东侧约30米
伪满皇宫博物院游客服务中心-讲解员办公室,生活服务,43.902074315121254,125.3426597927866,长春市宽城区光复路5号伪满皇宫博物院游客中心内
小白物流,生活服务,43.904708254344385,125.34022767226091,吉林省长春市宽城区黄河路1852号
大坤物流,生活服务,43.902117518406385,125.34587490063075,长春市宽城区东九条信达·东湾半岛第2区西侧约100米
超俐达库房,生活服务,43.90142004595065,125.34404169339159,吉林长春市宽城区光复路小铁道街406栋
新天地购物公园-中东新天地会员中心,生活服务,43.897560288812144,125.33761379900743,吉林省长春市南关区亚泰大街1138号新天地购物公园F2
辽西物流(黄河路店),生活服务,43.90470919594412,125.3388811272752,长春市宽城区黄河路军宇小区
海尔服务店(光复路昕源电器行店),生活服务,43.89938539605396,125.33563037245652,长春市南关区长通路1077号东北电器城负一层45-49号
琪洁婚庆百货,生活服务,43.9010608640989,125.33542747817116,吉林省长春市南关区长通街道东六条银海商厦东南侧约30米
韵达速递(光复路店),生活服务,43.9010659445643,125.3452967617229,长春市宽城区光复路长通家园-南区西北侧约190米
盛成洗涤总汇,生活服务,43.90410730770337,125.33798534595046,吉林省长春市宽城区东七条街316-a号
新天地会员中心,生活服务,43.89743509795184,125.33809941269635,吉林省长春市南关区亚泰大街1138号新天地购物公园F1
钟表维修(新天地购物公园亚泰大街店),生活服务,43.89697806645375,125.33931091342043,吉林省长春市南关区亚泰大街1138号新天地购物公园B1
新之化物流(东七条分部),生活服务,43.90493635639678,125.33754901934061,吉林省长春市宽城区黄河路1589号
荣盛服务社,生活服务,43.8982117017966,125.33890432533734,吉林省长春市南关区长通路877号(长通路与陕西路交汇)
得力配送中心,生活服务,43.89899246610028,125.33603096487973,吉林省长春市南关区长通路121号
岭城物流,生活服务,43.9007594578683,125.3461344732366,长春市南关区光复路长通家园
比耐恩月子护理中心,生活服务,43.897626362649724,125.33294872929665,松竹梅胡同27号万昇小区22号楼
直梯(客梯),生活服务,43.89764163167583,125.33846998361676,吉林省长春市南关区亚泰大街1138号新天地购物公园F4
直梯(客梯),生活服务,43.897614712185195,125.33845701047593,吉林省长春市南关区亚泰大街1138号新天地购物公园F4
唯爱产后修复中心(东湾半岛店),生活服务,43.898704916945285,125.35277572590954,长通街道东莱南街610号
晨光文具(长春欧标4S店),生活服务,43.90052460809443,125.33633236009459,吉林省长春市南关区光复路太平街331号
新天地购物公园-民品劳业,生活服务,43.89755623735178,125.33762179322042,吉林省长春市南关区亚泰大街1138号新天地购物公园F1
直梯(客梯),生活服务,43.897018382484035,125.33927290510367,吉林省长春市南关区亚泰大街1138号新天地购物公园F1
新天地购物公园-休息区,生活服务,43.89711413978751,125.3389190244582,吉林省长春市南关区亚泰大街1138号新天地购物公园F1
新天地购物公园-休息区,生活服务,43.89709253428161,125.33886506906859,吉林省长春市南关区亚泰大街1138号新天地购物公园F1
新天地购物公园-售票台,生活服务,43.89707303807578,125.33919190822496,吉林省长春市南关区亚泰大街1138号新天地购物公园F2
公厕,生活服务,43.90224184085598,125.34062983279698,光复大路18号
易修精修电动车(长江路店),生活服务,43.90167594310612,125.33864191485765,长春市南关区太平街北一胡同南关区第二幼儿园西北侧约90米
中国体育彩票(光复路店),生活服务,43.9014111648855,125.34403168835175,吉林省长春市宽城区光复路108栋
长兴装卸队,生活服务,43.899948154689525,125.33906600960671,陕西路陕西胡同吉达大四栋121室
公厕,生活服务,43.90187607905194,125.3425839000273,宽城区伪满皇宫博物院客服中心卫生间
公共厕所,生活服务,43.90024014956414,125.33839921567693,长春市南关区爱国胡同南关区第二幼儿园西南侧约120米
缘香源香行(光复路店),生活服务,43.90204974435307,125.33679847141237,吉林省长春市宽城区东广街道光复路306栋26号
中国体育彩票(长通路新天地购物公园店),生活服务,43.8978957177713,125.33989014509423,吉林省长春市南关区亚泰大街1138号新天地购物公园F2
众亮物流,生活服务,43.90037192224791,125.33937254967005,长春市南关区陕西胡同南关区第二幼儿园西南侧约50米
天润洗涤,生活服务,43.90170792806341,125.3389167183402,长春市南关区太平街北一胡同南关区第二幼儿园西北侧约70米
公厕,生活服务,43.90322634462309,125.33906235836103,长春市宽城区兴起胡同伪满皇宫博物院
入口复印名片,生活服务,43.90223503179005,125.33656763960005,吉林省长春市宽城区光复路210栋13号
公共厕所,生活服务,43.902789624648776,125.3362895853246,长春市宽城区东七条街百利宾馆西南侧约60米
辉煌办公广告,生活服务,43.9003186201855,125.33610687130684,吉林省长春市南关区太平街371号126栋
开锁安锁配钥匙,生活服务,43.899832502642724,125.3363009297823,吉林省长春市宽城区东北电器城4号门旁门市
伪满皇宫博物院-贵宾室,生活服务,43.90259713329651,125.34124763083264,东北隅的光复北路五号伪满皇宫博物院内
长春配送中心(东北电器城东六条街店),生活服务,43.899725045011884,125.33498535873792,长春市南关区亚泰大街东北电器城(东六条街)
自动视频导览租赁,生活服务,43.901980802576375,125.3423356431609,宽城区光复路5号伪满皇宫博物院游客中心内
巧手吉才洗涤(小铁道街小区店),生活服务,43.90123949138659,125.34383459254707,吉林省长春市宽城区光复路405栋10门
晨光照相复印名片,生活服务,43.89844897697254,125.33817867867747,吉林省长春市南关区陕西路537号
公共厕所,生活服务,43.90459635481511,125.34129187494935,长春市宽城区长利路军宇小区
百利宾馆大堂,生活服务,43.903846338344906,125.33698268108101,吉林省长春市宽城区光复路310栋8号
李山眼镜婚庆百货,生活服务,43.90153624653171,125.33770481813504,长春市南关区光复路113栋5号门
公共厕所,生活服务,43.89814943006431,125.3385276093013,长通路新天地购物公园(亚泰大街店)北侧约30米
公共厕所,生活服务,43.90359441916321,125.34204508998613,陕西路伪满皇宫博物院
公厕,生活服务,43.90241092090618,125.34407992455876,宽城区小铁道街伪满皇宫博物院
天宇罐头库房,生活服务,43.898557598836305,125.34072564579698,吉林省长春市南关区陕西路436-a号
金正物流(长通路店),生活服务,43.89777182420999,125.34077517469318,吉林省长春市南关区长通街道长通路769号
启航手机,生活服务,43.89898560593457,125.34511202291576,长春市南关区向阳街长通家园
上海立明麻将机批发,生活服务,43.899003041093415,125.33590616508465,吉林省长春市南关区长通路18号东北电器城
宝缘香行,生活服务,43.90157000733409,125.33671797434653,吉林省长春市南关区新春街道光复路306栋26号
公共厕所(长通路),生活服务,43.89835813938619,125.33625704096595,长春市南关区长通路中国石油长通加油站
公共厕所,生活服务,43.89530747457157,125.3424002641717,长春市南关区福禄街中环十一区
鸿一复印照相,生活服务,43.90604533354553,125.33615282970372,东六条与黑水路交汇东行100米道北（三普药业对面）
公厕,生活服务,43.904456000579344,125.34211135181988,伪满皇宫博物院怀远楼
长春百利叉车吊车出租公司,生活服务,43.903706347563855,125.33697281851506,吉林省长春市宽城区东七条街12号
公共厕所,生活服务,43.89474127727452,125.33387595558958,新春街道大马路鼎丰真(天鹅湖宾馆西南)
中国联通(永长路营业厅),生活服务,43.891987026755004,125.34111020042025,吉林省长春市南关区长春大街1990号
公厕,生活服务,43.904507064588714,125.34362655638803,伪满皇宫博物院书画楼
兴亚香行,生活服务,43.901458252449366,125.3353662762632,长春市南关区太平街北一胡同银海商厦东侧
心歌特种纸品,生活服务,43.900083721733594,125.33537233380963,长春市南关区太平街道台小区东北侧约120米
华夏古今香经销处,生活服务,43.90378989573978,125.33687886678374,长春市宽城区东七条街百利宾馆
家苇手机维修配件,生活服务,43.906014496331586,125.3356726680488,吉林省长春市宽城区黑水路1215号(东广场地铁站B口步行240米)
公共厕所,生活服务,43.89531929638484,125.34627634343674,长春市南关区东三马路东大小区
福香缘民俗用品,生活服务,43.90134985222271,125.33520167950357,长春市南关区太平街北一胡同银海商厦
新天地购物公园-收银台,生活服务,43.89748248026026,125.33862197823541,吉林省长春市南关区亚泰大街1138号新天地购物公园F2
新天地购物公园-收银台,生活服务,43.89760957776853,125.33818722635317,吉林省长春市南关区亚泰大街1138号新天地购物公园F2
新天地购物公园-收银台,生活服务,43.897371546787944,125.33846615862856,吉林省长春市南关区亚泰大街1138号新天地购物公园F1
新天地购物公园-收银台,生活服务,43.89731828098619,125.33835827362867,吉林省长春市南关区亚泰大街1138号新天地购物公园F2
公共厕所,生活服务,43.90593734926202,125.33109879428342,长春市宽城区长白路沈铁盛华庭东南侧约30米
新天地购物公园-收银台,生活服务,43.897384203637095,125.33808046147482,吉林省长春市南关区亚泰大街1138号新天地购物公园F1
新天地购物公园-收银台,生活服务,43.89721057443256,125.33859316930658,吉林省长春市南关区亚泰大街1138号新天地购物公园F1
公共厕所,生活服务,43.90370346114829,125.32897512152103,长春市宽城区长江路金东批发西侧约140米
公共厕所,生活服务,43.90062431269056,125.32798111933657,长春市宽城区吴淞路南一胡同银达小区
太平街停车场,交通设施,43.90083374114978,125.34036397055047,吉林省长春市南关区东广街道太平街南关区第二幼儿园
陕西路2停车场,交通设施,43.900531202353974,125.34052320185295,吉林省长春市南关区长通街道陕西路南关区第二幼儿园
伪满皇宫,交通设施,43.90139023528775,125.3416987833509,264路
光复路-路侧停车场,交通设施,43.90134489665817,125.34221208326935,长春市宽城区光复路长春市回族小学北侧约120米
新天地购物公园(亚泰大街店)-地上停车场,交通设施,43.896831225694775,125.33977684386647,吉林省长春市南关区亚泰大街1138号新天地购物公园
新天地购物公园(亚泰大街店)-地下停车场,交通设施,43.8966463887429,125.33912320079263,长春市南关区亚泰大街1138号中东城市广场亚泰大街店
伪满皇宫,交通设施,43.9041941147365,125.34580797556725,轨道交通3号线;轨道交通4号线
东大桥,交通设施,43.89774401396799,125.35059594533922,轨道交通4号线
东广场,交通设施,43.906535427066316,125.33209691218816,轨道交通3号线
停车场(光复路),交通设施,43.90155121663066,125.33786664646173,长春市南关区太平街北一胡同光复路小区南侧约100米
远东服装大厦-停车场,交通设施,43.905604279420146,125.33119378316522,吉林省长春市宽城区黑水路28号(东二条口)远东服装大厦
清真寺(昆明街)-南门地上停车场,交通设施,43.89762870183889,125.34274514424865,长春市南关区长通路清真寺
东四马路,交通设施,43.896340660287414,125.33957719458814,4路;76路;116路;125路;152路;172路;257路;264路;268路;287路;357路;G225路;G88路;Z243路;Z279路;Z318路
光复路庆丰大厦-停车场,交通设施,43.90299029892416,125.33636929103194,吉林省长春市宽城区东七条街420-4号
市七十中学,交通设施,43.90578544606187,125.34024365841636,131路;141路;168路;399路;G10路;G275路;T359路;Z241路;Z276路
中东城市广场(亚泰大街店)-接送点,交通设施,43.8961042819758,125.33734897317791,长春市南关区中东城市广场(亚泰大街店)附近
吉佳商场停车场,交通设施,43.90169985743464,125.33548585725703,长春市南关区光复路银海商厦东北侧约30米
长春国贸批发西北侧-停车场,交通设施,43.90233281224624,125.33408229421443,长春市宽城区
陕西路,交通设施,43.89812364863944,125.33708903333289,116路;125路;257路;264路;268路;357路;G225路;Z243路;Z279路;Z318路
汪伪政府驻伪满洲国大使馆旧址-停车场,交通设施,43.89942778092669,125.33959416950917,长春市南关区陕西路356号
长通路停车场,交通设施,43.89718168634294,125.34207998064434,吉林省长春市南关区长通街道长通路清真寺
东七条,交通设施,43.90587493434295,125.33750218296247,131路;141路;168路;366路;399路;G10路;G275路;T368路;Z241路;Z276路
吉盛伟邦,交通设施,43.895145695856606,125.35463509460162,4路;79路;106路;116路;117路;168路;257路;258路;259路;357路;377路;377路[经翰林府];377路[经金岭嘉苑];377路神鹿峰专线;G225路;G24路;Z276路;Z279路;Z318路
蔚来超充站(长春驿来特新天地购物公园),交通设施,43.896883983714886,125.3416499565479,吉林省长春市南关区长通街道东四马路新天地购物公园
城科所(昆明路),交通设施,43.89983429087237,125.33967284812975,264路
长春站-南广场,交通设施,43.907133172006624,125.31772420443816,长春市宽城区长白路1号
停车场,交通设施,43.90027628457157,125.33808944133924,长春市南关区爱国胡同南关区第二幼儿园西南侧约130米
长春站,交通设施,43.9089481780311,125.31816293031765,长春市宽城区长白路5号
广汇园批发商城-停车场,交通设施,43.90383396342986,125.33563576088264,长春市宽城区长江路310栋18号
停车场(长利路),交通设施,43.90472808895088,125.34090667119266,长春市宽城区长利路军宇小区东侧
北亚泰大街,交通设施,43.910048582792925,125.33120025138217,轨道交通4号线
亚泰大街快速路桥下YTY-04停车场,交通设施,43.89704545112527,125.33607817347308,长春市东四马路与亚泰大街交汇以北
胜利公园,交通设施,43.89769233775825,125.3178501618911,轨道交通1号线
长春站,交通设施,43.90694877844108,125.31722830137257,轨道交通1号线;轨道交通3号线
长春站-北广场,交通设施,43.910860147810624,125.31771437094449,吉林省长春市宽城区群英街道铁北二路1776号
停车场(龙翔苑小区东南),交通设施,43.897995154470465,125.33896543479223,长春市南关区长通路新天地购物公园(亚泰大街店)北侧约30米
车海洋智慧城市便民洗车(新天地购物公园店)-地下停车场,交通设施,43.896493420004745,125.33997400254343,长春市南关区亚泰大街1138号中东城市广场亚泰大街店
云快充充电站(春玲物业服务有限公司充电站),交通设施,43.90661351225388,125.32640755610568,长春市宽城区长白路与东三条街交汇处长春黑水路批发市场
长春站北,交通设施,43.91164715785644,125.31722834200899,轨道交通1号线;轨道交通4号线
景东路-公共停车场,交通设施,43.90370823940011,125.34664601547104,长春市南关区景东路永宁小区西南侧
中国工商银行(长春南广场支行),金融,43.902303378229774,125.32555605108311,吉林省长春市宽城区胜利大街811号1层
中国邮政储蓄银行(长春市光复路营业所),金融,43.90082465526807,125.33691729846909,吉林省长春市南关区亚泰大街1138号109栋
中国邮政储蓄银行(长春市长利路营业所),金融,43.90389468912961,125.33760291292302,吉林省长春市宽城区长利路2号
中国工商银行(亚泰大街支行),金融,43.89452538753201,125.3385936766082,吉林省长春市亚泰大街1388号
吉林银行(长春龙兴支行),金融,43.8958792174703,125.33813131637578,吉林省长春市南关区东四马路323号(新天地购物公园F1)
交通银行(长春上海路支行),金融,43.89973476364685,125.33049228861775,吉林省长春市宽城区上海路261号银达小区19栋
中国农业银行(长春上海路支行),金融,43.89905564483068,125.3323544958167,长春市南关区大马路135号
中国邮政储蓄银行(长春市亚泰大街营业所),金融,43.89686639370854,125.33704189314997,吉林省长春市南关区亚泰大街1138号新天地购物公园
吉林农商银行(长春南关支行),金融,43.89929542871339,125.33536991626653,吉林省长春市南关区长通路1077号
中国农业银行(长春万晟支行),金融,43.896178307839314,125.34672476059635,吉林省长春市南关区长通路181~185号
中国农业银行(长春东七条街支行),金融,43.90566606023602,125.3373046055136,吉林省长春市宽城区东七条街与黑水路交汇东广盛世103号~104号
中国工商银行(长春东安屯支行),金融,43.90542404714194,125.34862204980705,吉林省长春市南关区东莱北街230号
中国工商银行24小时自助银行(新天地购物公园),金融,43.89705985356495,125.33921490566917,吉林省长春市南关区亚泰大街1138号新天地购物公园F1
吉林农商银行(长春东湾半岛支行),金融,43.905009442329515,125.34865251917387,东莱北街212号
中国邮政储蓄银行(长春市黑水路营业所),金融,43.90623907060669,125.33503964907858,吉林省长春市宽城区黑水路22号
盛京银行(长春永春支行),金融,43.89352189180655,125.33267076760403,吉林省长春市南关区西四马路100号
中国光大银行(长春大马路支行),金融,43.89274062059845,125.33326244844399,吉林省长春市南关区大马路835号
中国工商银行(长春南大街支行),金融,43.8840165384247,125.33975756670243,长春市南关区大马路1966号
中国银行(长春新发路支行),金融,43.89496645136883,125.32340765950427,长春市宽城区上海路999号
中国农业银行(长春四马路分理处),金融,43.892229708559896,125.32773319564959,吉林省长春市南关区西四马路455号1-2层
信用卡中心,金融,43.88936468706454,125.33334930834731,吉林省长春市南关区新春长大小区(长春大街南)
中国工商银行(长春长通支行),金融,43.894233316800694,125.34909652647721,吉林省长春市南关区东天街119号
中国民生银行(长春分行),金融,43.88619866471952,125.32365178502504,吉林省长春市南关区长春大街500号
中国建设银行(长春大马路支行),金融,43.89040232880811,125.33452118743153,吉林省长春市南关区长春大街1467号宝迪克公馆1楼
吉林农商银行24小时自助银行(长春新天地支行),金融,43.897735921202965,125.33814418125098,吉林省长春市南关区亚泰大街1138号新天地购物公园F1
中国农业银行(长春分行),金融,43.890930325776985,125.32475529222489,吉林省长春市北安路70号
兴业银行(长春分行),金融,43.87930640098673,125.33998279926857,吉林省长春市南关区解放大路20~24层和4楼地上4层部份房产号恒兴国际城1号楼
中国建设银行吉林省分行(长春西安大路支行),金融,43.8872450746064,125.30912513658745,长春市朝阳区西安大路810号
中国农业银行24小时自助银行(光复路),金融,43.90154696345186,125.33461872272223,光复大路506号
中国邮政储蓄银行(长春市东大桥营业所),金融,43.893688056170944,125.34922112993972,吉林省长春市南关区东天街183号
中国建设银行(长白路支行),金融,43.907199991030005,125.32757415477413,吉林省长春市宽城区长白路781号沈铁盛华庭6栋
驭马投银,金融,43.898880509668906,125.33242640231599,长春市南关区大马路万晟现代城-A区
中信银行(大经路支行),金融,43.8893033374371,125.33185071854867,吉林省长春市南关区长春大街1177号中远大厦F1层
中国工商银行(长春三八支行),金融,43.89351658698593,125.33146056291844,长春市南关区西四马路141号美嘉城一楼东侧
中国建设银行(长春南广场支行),金融,43.902619126442566,125.32549511886862,吉林省长春市宽城区胜利大街763号
吉林银行(长春政达支行),金融,43.90003444296037,125.32232134667377,吉林省长春市宽城区南京大街1015号
中国工商银行(光明路支行),金融,43.88747749960888,125.3174791927112,吉林省长春市朝阳区人民大街2111号
吉林银行(长春人民广场支行),金融,43.88650326175881,125.32283785424285,吉林省长春市南关区长春大街429号
吉林银行(长春长白路支行),金融,43.90674190955072,125.32591403440762,吉林省长春市宽城区长白路656号
中国工商银行(长春人民广场支行),金融,43.885928365522794,125.3170001646698,长春市朝阳区人民大街2303号
万晟金地公馆,房地产,43.89677927010396,125.34618032360841,长春市南关区长通路199号（新天地购物公园东行200米）
万晟现代城,房地产,43.89749596404845,125.33240539059545,吉林省长春市南关区大马路135号
中环十一区,房地产,43.89497407256897,125.34175608122966,吉林省长春市南关区乐亭街47号
万科东湾半岛,房地产,43.90223776834602,125.35117143616075,吉林省长春市南关区东莱北街693号
万龙花园,房地产,43.89378408270911,125.33684779544949,长春市南关区亚泰大街1355号（东四马路488号）
光复路小区-138栋,房地产,43.90117423819393,125.34065470396823,长春市南关区陕西路1173号
光复路-139栋,房地产,43.901512556711296,125.3402994354344,长春市南关区光复路139栋
一中教委宿舍,房地产,43.90147414438755,125.34161168022888,长春市南关区光复路南关区第二幼儿园东侧约80米
光复路-118栋,房地产,43.901620792887485,125.3386599476327,长春市南关区光复路118栋
567名居,房地产,43.898906135604676,125.33988846077597,陕西路456-77号
中环11区-A栋,房地产,43.900622688620345,125.34111820021882,长春市南关区陕西路242号
光复路小区-117栋,房地产,43.90129139297995,125.33841938315565,吉林省长春市南关区光复路115栋-12号
长通家园-15栋,房地产,43.9010593212502,125.34280772998777,吉林省长春市南关区长通家园15号楼
光复路-309栋,房地产,43.90191035286082,125.33816708293658,长春市南关区光复路309号
光复路小区-116栋,房地产,43.90091842140524,125.33853759184909,长春市南关区太平街南关区第二幼儿园西侧约80米
光复路-127栋,房地产,43.90056248314347,125.33956033432833,吉林省长春市南关区陕西路127栋
长通家园-A区,房地产,43.900304205591034,125.34407760989768,吉林省长春市南关区长通街道光复路长通家园
陕西路-182号楼,房地产,43.900612700579074,125.34122023230239,吉林省长春市南关区中环十一区A栋(伪满皇宫博物院南)
光复路-113栋,房地产,43.901360229059414,125.33737231809249,长春市南关区光复路小区113栋
长通家园B区-B10栋,房地产,43.899838759540316,125.3432590621302,吉林省长春市南关区长通家园B10栋
长通家园A区-A7栋,房地产,43.9001811069779,125.34349804510599,吉林省长春市南关区长通家园A7栋
光复路-109栋,房地产,43.90107924232867,125.33682721801704,长春市南关区光复路109栋
小铁道街-405栋,房地产,43.90133978294819,125.34356121025101,长春市宽城区光复路长春市回族小学东北侧约150米
中环十一区-8栋,房地产,43.89904944818601,125.34128840608548,长春市南关区中环十一区8栋
女子公寓-B栋,房地产,43.90026357806185,125.34069041260678,长春市南关区陕西路308号
长通家园B区-B9栋,房地产,43.89952012000578,125.3430420956314,吉林省长春市南关区长通家园B9栋
女子公寓,房地产,43.899993354414846,125.34059461067218,吉林省长春市南关区陕西路274号
中环十一区-9栋,房地产,43.89878559460407,125.34115955759503,长春市南关区陕西路396号A
中环11区-11栋,房地产,43.899002397378624,125.3418896715365,吉林省长春市南关区东三马路431号
光复路-308栋,房地产,43.90184307811434,125.33774852428907,长春市南关区光复路308栋
陕西路-117号楼,房地产,43.90146177977239,125.34082348867281,长春市南关区光复路南关区第二幼儿园东北侧
光复路-128栋,房地产,43.90043170584081,125.34000732049294,长春市南关区陕西路217号
陕西路-242号楼,房地产,43.90048605584373,125.34086326045454,长春市南关区陕西路长春市回族小学西北侧约40米
光复小区-122栋,房地产,43.90041458304801,125.3375858231278,吉林省长春市南关区太平街光复小区
光复路-119栋,房地产,43.90120733543449,125.33935890488551,长春市南关区太平街77号
长通家园A区-A9栋,房地产,43.900519411815374,125.34222974151126,吉林省长春市南关区长通家园A9栋
光复路小区-213栋,房地产,43.90319358471074,125.33804909862685,长春市宽城区兴起胡同光复路小区
长通家园-B区,房地产,43.89934436163751,125.34395316901877,长春市南关区昆明街长通家园
光复路小区,房地产,43.90326066583881,125.33788818793175,吉林省长春市宽城区东广街道光复北路116号
光复小区-121栋,房地产,43.9000324505784,125.33758411358217,长春市南关区爱国胡同龙祥苑北侧约150米
光复路-126栋,房地产,43.90036602743627,125.33699954550771,长春市南关区光复路126栋
光复路小区-212栋,房地产,43.90271377792553,125.33799556017298,吉林省长春市宽城区东七条街光复路小区
军宇小区,房地产,43.90448478694784,125.33944106415885,吉林省长春市宽城区黄河路1808号
光复路庆丰大厦,房地产,43.90223132931176,125.33588571118767,宽光复大路431号
长通家园A区-A8栋,房地产,43.90047339742019,125.34365198678526,吉林省长春市南关区长通家园A8栋
光复路小区-209栋,房地产,43.902380757653354,125.33717371379568,长春市宽城区东七条街百利宾馆南侧约90米
女子公寓-C栋,房地产,43.899832711007065,125.34054872871684,长春市南关区中环十一区C栋
光复路-132栋,房地产,43.90022744216391,125.33890988514759,长春市南关区光复路132栋
龙翔苑-B栋,房地产,43.89835071838594,125.33954993693702,长春市南关区长通路567名居西南侧约40米
陕西路小区,房地产,43.90216655243244,125.34159510649428,长春市宽城区伪皇宫交警队楼上
陕西路-217号楼,房地产,43.90065973175787,125.34013012647189,吉林省长春市南关区第二幼儿园(伪满皇宫博物院西南)
光复路-210栋,房地产,43.9028670493167,125.33660604932406,长春市宽城区光复路210栋
龙祥苑,房地产,43.89848258401959,125.33778501543009,陕西路480号
光复路小区-215栋,房地产,43.90383115534886,125.33768488460568,吉林省长春市宽城区光复路小区(伪满皇宫博物院西)
太平街-93号楼,房地产,43.90102514480376,125.3389882257192,吉林省长春市南关区第二幼儿园(伪满皇宫博物院西南)
光复路小区-115栋,房地产,43.90103727947002,125.33827869427316,吉林省长春市南关区光复路小区115栋
中环十一区-12栋,房地产,43.898621924317276,125.34182390478061,长春市南关区中环十一区12栋
长通家园,房地产,43.89912775514063,125.34570490671487,吉林省长春市南关区向阳街
长通家园A区-A6栋,房地产,43.900259564821994,125.34460934459153,吉林省长春市南关区长通家园A6栋
567名居-6号楼,房地产,43.898847188111056,125.33939165449709,长春市南关区陕西路567名居
吉盛商务宾馆(长春火车站伪满皇宫店),酒店,43.90050735772063,125.3308434241051,胜利大街1252号
如家华驿酒店(长春东大桥店),酒店,43.89447541427829,125.34624071182995,长春大街2511号中环11区41号楼
锦江之星(长春火车站新店),酒店,43.902277490868066,125.32280542846287,珠江路318号珠江路和东二条交汇
全季酒店(长春火车站店),酒店,43.90668893497384,125.3222301074713,长白路358号
雅客小镇假日酒店(长春火车站伪满皇宫店),酒店,43.895964398274145,125.33640530203563,亚泰大街1169号
汉庭酒店(长春火车站店),酒店,43.90732268197568,125.31970104195418,长白路1号
思瑞秋酒店(长春伪满皇宫火车站店),酒店,43.89367253791521,125.33892687438261,长通街道中环11区8号楼1单元101室
myhome时尚宾馆,酒店,43.89333630825679,125.33497714894315,老市场胡同永春二期8号楼107室
丽晶饭店(长春火车站店),酒店,43.90419023792706,125.31845536943057,人民大街6号黄河路客运站旁
全季酒店(长春新天地长春大街店),酒店,43.890608859936854,125.33359832532308,大马路1059号
长春泰玖嘉旗假日酒店,酒店,43.89928305142082,125.33116719004911,上海路与大马路交汇
如家酒店·neo(长春火车站店),酒店,43.907157246709055,125.31966646118643,长白路25号
如家商旅酒店(长春人民广场重庆路活力城店),酒店,43.88870890139701,125.33207015189257,长春大街1212号
长春亚泰饭店,酒店,43.888576163640266,125.31895164632105,人民大街1968号
锦江之星(长春吉大二院人民广场店),酒店,43.88236618503656,125.32404729557645,民康路328号
环球大酒店(长春伪满皇宫新天地购物公园店),酒店,43.89002420077368,125.33326735939893,吉林省长春市南关区大马路1119号(与长春大街交汇处)
雅客小镇假日酒店(长春人民广场重庆路),酒店,43.887409882686626,125.32824209049723,长春大街与大经路交汇西行30米 (860号)
全季酒店(长春吉林大路店),酒店,43.880111784325,125.34996688301929,吉林大路535号
长春吉亚思商务宾馆,酒店,43.886351528365935,125.33637449616661,大马路与四道街交汇
长春香格里拉,酒店,43.88729501394291,125.31200865146013,西安大路569号
桔子酒店(长春火车站万达广场店),酒店,43.91108131918897,125.32631339218837,铁北二路1144号
汉庭酒店(长春吉林大路地铁站店),酒店,43.88078940124728,125.35013853994971,吉林大路535号
科技城商务宾馆(长春火车站店),酒店,43.90362072917938,125.31818297497982,长江路开发区长春科技楼6楼
非凡·臻品酒店(长春火车站店),酒店,43.90214049776719,125.3238082929487,珠江路与东二条交汇处
全季酒店(长春人民广场万象城店),酒店,43.885494266044944,125.3112268884591,同志街119号
汉庭酒店(长春人民广场店吉大二院店),酒店,43.88065571030795,125.32724456023809,民康路666号 (与四道街交汇处)
汉庭酒店(长春人民广场重庆路店),酒店,43.88774221911414,125.31849128594637,人民大街2076号
爱遇智能影院公寓(长春天伦中央店),酒店,43.89343917223353,125.3331424752844,大马路55号天伦中央区A1栋21层2111房
中长大厦(长春火车站店),酒店,43.90641460005326,125.31127484419794,辽宁路458号
艾斯酒店(长春重庆路人民广场店),酒店,43.887290038914074,125.32218699125539,清明街868号
吉林省松苑宾馆,酒店,43.89439839503917,125.31009780167399,吉林省长春市宽城区新发路1169号
珠江旅馆,酒店,43.90242597687617,125.32859687380262,吉林省长春市宽城区珠江路802号
长春星河快捷公寓,酒店,43.89495427221779,125.34764245770346,东大桥转盘长春大街口处（东大小区2-8号）
长春睿家时尚宾馆,酒店,43.90227308715832,125.32832621083064,吉林省长春市宽城区珠江路792号
长春佳园宾馆,酒店,43.89529757172445,125.33902201703265,吉林省长春市南关区中环十一区2栋门市
浩泰宾馆(东六条街),酒店,43.9062839969728,125.33506355741982,吉林省长春市宽城区东广街道长白路5号
长春安居客房,酒店,43.89812174708044,125.33915625222346,吉林省长春市陕西路中环小区14A栋
长春悦洋宾馆,酒店,43.899040829187534,125.33090229455127,吉林省长春市南关区上海路b区7号楼
吉士蜗窝公寓(黄河路店),酒店,43.90506304613483,125.33352225735347,吉林省长春市宽城区东广街道黄河路13号
佳之缘时尚宾馆(中环十一区西南),酒店,43.89526542777666,125.33903902521762,吉林省长春市南关区亚泰大街11区2栋
泊寓城市青年家(胜利大街店),酒店,43.90042375675755,125.33025765492091,吉林省长春市宽城区胜利大街1215号（上海路交汇处）
东城旅馆(长春大街店),酒店,43.89481098303428,125.34570255290622,吉林省长春市南关区东大桥东大小区二期22栋
小薇旅馆,酒店,43.90245001111503,125.32992232107019,吉林省长春市宽城区珠江路912号
阳阳招待所,酒店,43.900196063659585,125.33061947450446,吉林省长春市宽城区东三条街888-5号
鑫新旅店(长春南关店),酒店,43.89343722171157,125.33528250006698,吉林省长春市南关区四马路永春g区8栋
蓝旺旅馆,酒店,43.89693593398104,125.33550223756544,长春市南关区东五马路永长社区中环自治小区
实墙公寓可日租,酒店,43.89563104867723,125.33049094096025,长春市南关区汪清街永春B区2区自治小区南侧
钰如时尚旅馆,酒店,43.89488725685642,125.34014286533227,吉林省长春市南关区福禄街170号十一区10栋
南关区家玉美宾馆酒店用品店,酒店,43.892900524061425,125.3400028138033,吉林省长春市南关区亚泰大街1588号东北宾馆酒店用品城2层23号场地
新乐旅馆(西五马路店),酒店,43.89535037311635,125.33112381241412,长春市南关区西五马路美嘉城大厦
紫月时尚入住,酒店,43.89217314911958,125.33629626633443,吉林省长春市南关区东三马路838号
长春市市场监督管理局宽城分局东广市场监督管理所,政府机构,43.90176948326889,125.33949040100218,长春市南关区光复路南关区第二幼儿园西北侧约30米
长春市公安局交通警察支队光复路中队,政府机构,43.900402542106185,125.34048030023997,长春市南关区陕西路226号
长春市南关区长通街道办事处,政府机构,43.897007739775695,125.33579067871969,长春市南关区亚泰大街1087号
长春市城市建设档案馆,政府机构,43.901092186386165,125.34139290733204,长春市南关区陕西路南关区第二幼儿园东侧约70米
国家税务总局长春市南关区长通税务所,政府机构,43.8970057125838,125.33579666960433,吉林省长春市南关区亚泰大街1055号
长春市市场监督综合行政执法支队宽城大队东广中队,政府机构,43.90176637729978,125.33950339887367,长春市南关区光复路南关区第二幼儿园西北侧约30米
长春市市场监督管理局宽城分局东广市场监管所食品快速检测室,政府机构,43.901774597840436,125.3394764019165,长春市南关区光复路南关区第二幼儿园西北侧约30米
吉林省政协,政府机构,43.89708623402008,125.32754365273321,吉林省长春市南关区新春街道上海路30号
长春市公安局南关区分局长通路派出所清真寺社区警务室,政府机构,43.89855887543713,125.34575338936185,吉林省长春市南关区向阳街15长通家园G1栋
国家税务总局长春市宽城区税务局南广税务所,政府机构,43.90205496048101,125.32943262089447,长春市宽城区南广街道东四条衔448号
长春市食品药品监督管理局南关分局长通监管站,政府机构,43.89890280517798,125.33851710224344,长春市南关区陕西路567名居西侧约40米
吉林省人民政府,政府机构,43.89453190891456,125.31917983913938,长春市宽城区新发路329号
光复路南社区综治中心,政府机构,43.8990160332114,125.3386309435923,长春市南关区陕西路567名居西侧约40米
国家税务总局长春市南关区税务局新春税务所,政府机构,43.8970021664326,125.33138097627979,吉林省长春市南关区新立街23号
光复路南社区退役军人服务站,政府机构,43.899006783438196,125.33866492739212,吉林省长春市南关区陕西路486号
长春市宽城区东广街道办事处,政府机构,43.90448387838053,125.33570505003988,吉林省长春市宽城区黄河路1462号
松竹梅社区社会服务管理站,政府机构,43.89736032375503,125.33143656525158,吉林长春市南关区汪清街172号
吉林省住房和城乡建设厅,政府机构,43.8959320588357,125.32202600684572,长春市宽城区贵阳街287号建设大厦
南关区长通街道公共服务中心,政府机构,43.89700889311347,125.33575573870883,吉林省长春市南关区亚泰大街1055号
人社就业服务窗口(光复路南社区),政府机构,43.89891069442878,125.33853308532106,陕西路457号光复路南社区
长通街道东安村村民委员会,政府机构,43.90076872388591,125.33632717937759,太平街106栋9号附近
长通街道办事处清真寺社区监督委员会,政府机构,43.898872755264065,125.34577120345986,长春市南关区向阳街长通家园-南区
宽城区行政执法局东广中队,政府机构,43.90103775719982,125.33392372974679,长春市南关区亚泰大街利通商场
黄河路南社区居民委员会,政府机构,43.90580908081002,125.33839142240258,长春市宽城区黑水路东广老街东北侧约50米
长通街道综治维稳工作中心,政府机构,43.898937733674416,125.33852906923919,长春市南关区陕西路457号
长通街道东安村村民委员会综治中心,政府机构,43.900749156253404,125.33623733350029,长春市南关区东六条与太平街交叉路口往东北约70米
东广街道黄河路北社区综治中心,政府机构,43.90578604879305,125.34062264940513,长春市宽城区长白路长春市育新学校中学部南侧
南关区长通街道清真寺社区拥军服务站,政府机构,43.8988982871967,125.34580624795598,长春市南关区向阳街长通家园-南区
清真寺社区综治中心,政府机构,43.898841288074365,125.34573115464235,吉林省长春市南关区向阳街万晟金地公馆北侧约110米
东站街道十委社区,政府机构,43.890012785366515,125.36164439482911,吉林省长春市二道区西绿安街4号
长春市南关区长通街道光复路南社区居民委员会,政府机构,43.89899533464056,125.33858798747895,长春市南关区陕西路457号
黄河路北社区委员会,政府机构,43.90461722892678,125.33563305550348,长春市宽城区黄河路广汇园批发商城
龙兴社区综治中心,政府机构,43.89684711050724,125.33591656198222,长春市南关区亚泰大街爱德医院
永长社区居民委员会,政府机构,43.89482121867831,125.33391481983857,吉林省长春市南关区大马路596号
长春市环境保护局长江路经济开发区分局,政府机构,43.90205484772727,125.32937983849347,长春市宽城区东四条街448号
长春市南关区监察委员会派出长通街道监察办公室,政府机构,43.89685606013045,125.3359285364148,长春市南关区亚泰大街爱德医院北侧
长春市房产产权登记发证中心,政府机构,43.88577618480675,125.33203463653942,吉林省长春市南关区大经路1130号
长春市房地产交易与权属登记大经路服务中心,政府机构,43.885660084054834,125.33208548270949,长春市南关区大经路1130号
巨宝左克集体图嘎乌龙查干花种畜场敖都,政府机构,43.906971123081405,125.34425995514371,长春市宽城区东八条信达·东湾半岛第-四区西南侧约140米
二道区政务服务中心,政府机构,43.8979210726349,125.36540874521106,长春市二道区惠工路799号
